{
    "metadata" :
    {
        "formatVersion" : 3.1,
        "generatedBy"   : "Vizitown Creation",
        "vertices"      : 9,
        "faces"         : 0,
        "normals"       : 0,
        "colors"        : 0,
        "uvs"           : 0,
        "materials"     : 0,
        "morphTargets"  : 0,
        "bones"         : 0
    },

    "vertices" : [844187.943697994574904,6518232.016619521193206,0,844201.841662708669901,6518224.785503129474819,0,844278.95548352599144,6518186.30289267282933,0,844300.016633692430332,6518175.119627367705107,0,844311.424576590536162,6518169.747550436295569,0,844410.036452979431488,6518129.295050370506942,0,844448.537077572080307,6518116.9088667454198,0,844508.316286795539781,6518103.210729259997606,0,844559.869014470255934,6518091.156238601543009,0],

    "morphTargets" : [],

    "normals" : [],

    "colors" : [],

    "uvs" : [],

    "faces" : [],

    "bones" : [],

    "skinIndices" : [],

    "skinWeights" : [],

    "animations" : []

}